{
  "model_name": "ada_mixp_004conf_00exp",
  "thresholds": {
    "confidence": 0.04,
    "precision": 0.0
  },
  "metrics": {
    "only_network_precisions": [
      15.533472803347282,
      23.61546499477534,
      40.11506276150627,
      48.85057471264368,
      54.92146596858639,
      59.04811715481172,
      60.219550444328284,
      62.57187663355985,
      63.21297749869178
    ],
    "planner_precisions": [
      39.54370797310279,
      36.330977620730266,
      41.179421037546575,
      43.46390168970814,
      45.675630810092954,
      47.9059829059829,
      45.45228628230616,
      44.99822316986496,
      45.480838756326825
    ],
    "overall_precisions": [
      37.88314176245211,
      36.89045628700801,
      47.278822709857195,
      54.837164750957854,
      59.12138627655869,
      64.11093695576454,
      63.33594566353187,
      64.37216997561825,
      66.05712295367468
    ],
    "network_plan_percentages": [
      [
        9.3521421107628,
        26.07105538140021,
        39.237199582027166,
        43.31243469174504,
        47.54440961337513,
        49.059561128526646,
        47.43991640543365,
        50.9926854754441,
        51.828631138975965
      ],
      [
        100.0,
        100.0,
        100.0,
        100.0,
        100.0,
        100.0,
        100.0,
        100.0,
        100.0
      ],
      [
        9.3521421107628,
        26.07105538140021,
        39.237199582027166,
        43.31243469174504,
        47.54440961337513,
        49.059561128526646,
        47.43991640543365,
        50.9926854754441,
        51.828631138975965
      ]
    ],
    "planner_plan_percentages": [
      90.6478578892372,
      73.92894461859979,
      60.762800417972834,
      56.68756530825496,
      52.45559038662487,
      50.940438871473354,
      52.56008359456635,
      49.0073145245559,
      48.171368861024035
    ],
    "only_network_times": [
      0.0014141002459506112,
      0.0012919799412056696,
      0.001264379987158037,
      0.0012634307488627817,
      0.001281309627113542,
      0.001286463009263681,
      0.0012634382532082861,
      0.0012614389270995839,
      0.001268859436099034
    ],
    "planner_times": [
      7412.818466858789,
      4990.663950530035,
      3385.997996560619,
      3102.35599078341,
      2925.646334661355,
      2765.9102358974355,
      2962.6263220675955,
      2813.0459488272922,
      2921.2976681127984
    ],
    "overall_times": [
      6719.561269855069,
      3689.5455246927045,
      2057.427701344645,
      1758.6506260251049,
      1534.6656660671997,
      1408.9674446732172,
      1557.1594706212372,
      1378.5989190822609,
      1407.2297324113836
    ]
  }
}