{
  "model_name": "ada_mixp_002conf_04exp",
  "thresholds": {
    "confidence": 0.02,
    "precision": 0.4
  },
  "metrics": {
    "only_network_precisions": [
      15.533472803347282,
      24.673288029273394,
      41.78870292887029,
      49.94769874476987,
      56.0376372190277,
      60.71055381400209,
      59.456635318704286,
      61.36957658128593
    ],
    "planner_precisions": [
      55.73580633925464,
      55.68018255222047,
      54.684523809523824,
      56.678856382978736,
      53.957451810061116,
      57.00522983759978,
      52.66129032258065,
      53.99497487437185
    ],
    "overall_precisions": [
      55.73580633925464,
      55.76628352490421,
      58.343782654127494,
      62.771682340647864,
      63.6947056774643,
      68.87843956809473,
      66.61442006269593,
      68.74085684430511
    ],
    "network_plan_percentages": [
      [
        25.54858934169279,
        44.357366771159874,
        50.78369905956113,
        55.64263322884012,
        54.44096133751306,
        57.7324973876698,
        54.70219435736677,
        56.84430512016719
      ],
      [
        0,
        0.9404388714733543,
        19.74921630094044,
        34.95297805642633,
        42.94670846394985,
        58.82967607105538,
        59.14315569487984,
        62.643678160919535
      ],
      [
        0,
        0.7836990595611284,
        12.225705329153605,
        21.42110762800418,
        25.914315569487982,
        36.72936259143156,
        35.214211076280044,
        37.61755485893417
      ]
    ],
    "planner_plan_percentages": [
      100,
      99.21630094043887,
      87.77429467084639,
      78.57889237199582,
      74.08568443051202,
      63.27063740856844,
      64.78578892371996,
      62.38244514106583
    ],
    "only_network_times": [
      0.0013666388629370654,
      0.0012401334290970574,
      0.0012764151375662832,
      0.001280752185997105,
      0.001283926547539527,
      0.0012458303754481652,
      0.0012261579776632375,
      0.0012256953333661747
    ],
    "planner_times": [
      10494.800020898641,
      10519.902743549233,
      10154.027327380953,
      8930.778430851065,
      9507.082722143863,
      7251.866680429398,
      7527.558822580643,
      7391.649748743717
    ],
    "overall_times": [
      10494.800020898641,
      10437.458374511016,
      8912.62602388954,
      7017.707047526622,
      7043.387638836843,
      4588.302730045872,
      4876.788802162451,
      4611.092309385656
    ]
  }
}