{
  "model_name": "ada_mixp_008conf_09exp",
  "thresholds": {
    "confidence": 0.08,
    "precision": 0.9
  },
  "metrics": {
    "only_network_precisions": [
      15.533472803347282,
      26.241505488761106,
      40.12572027239392,
      48.64016736401673,
      54.730789336121276,
      59.937238493723854,
      59.50888192267503,
      61.50627615062761,
      63.16064887493459,
      64.41653584510728,
      63.369963369963365,
      65.98746081504702,
      65.88173731030874,
      67.53789858860428,
      66.44014636696288,
      65.20376175548589
    ],
    "planner_precisions": [
      55.73580633925464,
      55.81977252843395,
      56.416712783619275,
      55.239601303431094,
      56.401306389058995,
      55.7483899622474,
      55.447662936142216,
      55.88333333333334,
      55.27007299270073,
      55.61794871794872,
      56.13708399366085,
      56.74260277559571,
      56.24756335282651,
      54.98654829163304,
      57.00479008171315,
      54.97123957434569
    ],
    "overall_precisions": [
      55.73580633925464,
      55.81853012887496,
      58.22622779519333,
      58.65290839428771,
      62.01846046673633,
      64.30424939045629,
      64.06739811912227,
      66.8425635667015,
      67.1473354231975,
      68.96725879484501,
      70.45193312434691,
      70.02786485545106,
      71.85388366422849,
      70.18199233716476,
      72.38070358760012,
      72.00191570881225
    ],
    "network_plan_percentages": [
      [
        1.671891327063741,
        11.076280041797283,
        26.907001044932077,
        29.780564263322884,
        36.93834900731453,
        41.222570532915356,
        39.341692789968654,
        40.17763845350053,
        40.75235109717868,
        43.31243469174504,
        45.245559038662485,
        46.65621734587252,
        47.43991640543365,
        48.69383490073145,
        47.701149425287355,
        47.17868338557994
      ],
      [
        0,
        0.8881922675026124,
        9.717868338557993,
        14.629049111807731,
        24.346917450365726,
        38.50574712643678,
        39.49843260188088,
        50.83594566353187,
        52.45559038662487,
        57.78474399164054,
        57.05329153605015,
        57.47126436781609,
        59.40438871473355,
        54.54545454545454,
        61.02403343782654,
        61.337513061650995
      ],
      [
        0,
        0.4702194357366771,
        5.590386624869383,
        9.143155694879832,
        14.681295715778475,
        21.577847439916408,
        20.637408568443053,
        26.854754440961337,
        28.422152560083596,
        32.07941483803553,
        34.06478578892372,
        33.49007314524556,
        37.460815047021946,
        35.26645768025078,
        38.19226750261233,
        39.446185997910135
      ]
    ],
    "planner_plan_percentages": [
      100,
      99.52978056426332,
      94.40961337513062,
      90.85684430512016,
      85.31870428422152,
      78.42215256008359,
      79.36259143155695,
      73.14524555903867,
      71.57784743991641,
      67.92058516196447,
      65.93521421107627,
      66.50992685475444,
      62.539184952978054,
      64.73354231974922,
      61.80773249738767,
      60.553814002089865
    ],
    "only_network_times": [
      0.0013815748142896836,
      0.0012663190924429607,
      0.0012717488050585707,
      0.0012607658009150039,
      0.0014780497463722847,
      0.0012828827403080514,
      0.0012861441669045571,
      0.0012722247315251178,
      0.0012572798536810684,
      0.0012220076277017719,
      0.001243443965662343,
      0.0012267111735408708,
      0.0012124151162986416,
      0.001381699227563885,
      0.0013950347152606268,
      0.001217517608634606
    ],
    "planner_times": [
      10494.800020898641,
      10489.875375328083,
      9950.862152739344,
      10239.884422081657,
      9721.315707287202,
      9108.789007328449,
      8633.877307439107,
      7577.741092857141,
      7550.681109489051,
      6733.498638461539,
      6893.169912836765,
      5772.076300078554,
      6448.948847117794,
      7385.545794995963,
      5446.360650887574,
      6638.961018119068
    ],
    "overall_times": [
      10494.800020898641,
      10440.549948561447,
      9394.570557270506,
      9303.635962076576,
      8294.100818075633,
      7143.3086890027325,
      6852.069037553849,
      5542.757672591159,
      5404.615361891505,
      4573.43206896477,
      4545.026771203192,
      3839.004136204036,
      4033.120501710588,
      4780.925899715751,
      3366.272555140567,
      4020.14458697471
    ]
  }
}