{
  "model_name": "ada_mixp_008conf_04exp",
  "thresholds": {
    "confidence": 0.08,
    "precision": 0.4
  },
  "metrics": {
    "only_network_precisions": [
      15.533472803347282,
      26.241505488761106,
      43.67816091954023,
      54.57875457875458,
      55.86387434554973,
      62.1536853110298,
      62.7092050209205,
      62.78097229482488,
      64.89028213166145,
      64.4723092998955,
      63.51280710925248,
      64.66283324621014
    ],
    "planner_precisions": [
      55.73580633925464,
      55.89081972968229,
      55.35522388059702,
      55.26393629124006,
      56.33333333333334,
      55.69934640522878,
      55.2536231884058,
      54.77447744774477,
      54.603038119805106,
      54.490060501296455,
      54.28509532062391,
      53.5712187958884
    ],
    "overall_precisions": [
      55.73580633925464,
      56.02751654475793,
      59.36259143155696,
      63.87756879136191,
      66.56826889585511,
      68.50400557297111,
      68.84360849878092,
      69.5332636711947,
      70.27342389411355,
      71.13113897596656,
      70.76541274817137,
      71.37060257749913
    ],
    "network_plan_percentages": [
      [
        1.671891327063741,
        11.076280041797283,
        28.00417972831766,
        35.997910135841174,
        36.677115987460816,
        43.73040752351097,
        40.49111807732497,
        43.31243469174504,
        45.76802507836991,
        44.5141065830721,
        44.67084639498432,
        45.40229885057471
      ],
      [
        0,
        1.2016718913270636,
        25.287356321839084,
        43.46917450365726,
        50.41797283176594,
        61.38975966562173,
        62.695924764890286,
        64.62904911180773,
        67.65935214211076,
        68.44305120167189,
        70.16718913270637,
        68.59979101358412
      ],
      [
        0,
        0.7836990595611284,
        12.486938349007314,
        23.458725182863112,
        26.07105538140021,
        33.38557993730408,
        32.70637408568443,
        36.677115987460816,
        39.237199582027166,
        39.550679205851615,
        39.70741901776385,
        40.70010449320794
      ]
    ],
    "planner_plan_percentages": [
      100,
      99.21630094043887,
      87.51306165099268,
      76.5412748171369,
      73.92894461859979,
      66.61442006269593,
      67.29362591431557,
      63.322884012539184,
      60.762800417972834,
      60.449320794148385,
      60.29258098223615,
      59.29989550679206
    ],
    "only_network_times": [
      0.0013370974043921946,
      0.0012219662574094064,
      0.0012444855651137972,
      0.0012288847124308333,
      0.0012497487492586306,
      0.001230808558167429,
      0.0012507241640130845,
      0.001227638700278841,
      0.0012447491459462833,
      0.001230779361824506,
      0.0012366770451690786,
      0.0012333859215839583
    ],
    "planner_times": [
      10494.800020898641,
      10510.722690889941,
      9762.557164179105,
      8544.242170648464,
      8194.436946996468,
      7318.8790901960765,
      6583.218012422358,
      7147.322632013199,
      6135.473637145314,
      6052.440432152118,
      6084.459705372618,
      6310.813400881058
    ],
    "overall_times": [
      10494.800020898641,
      10428.350265848418,
      8543.512827054212,
      6539.872170283892,
      6058.061079247509,
      4875.42927289412,
      4430.086511708251,
      4525.891270125561,
      3728.086088564249,
      3658.6596197630197,
      3668.4782860612922,
      3742.3062546589344
    ]
  }
}