{
  "model_name": "ada_mixp_016conf_04exp",
  "thresholds": {
    "confidence": 0.16,
    "precision": 0.4
  },
  "metrics": {
    "only_network_precisions": [
      15.533472803347282,
      26.241505488761106,
      44.13612565445027,
      50.836820083682014,
      55.619445896497645,
      60.712414876898904,
      61.26502875065343,
      62.813807531380746,
      64.69665271966527,
      64.60732984293193,
      64.03141361256544,
      65.67398119122258,
      65.88050314465409,
      64.90585774058577,
      64.73050758765044
    ],
    "planner_precisions": [
      55.73580633925464,
      55.91092407504823,
      55.018837993257996,
      56.216100790091836,
      55.9014675052411,
      56.358668653750634,
      54.185577407967735,
      53.65700861393893,
      55.03289473684211,
      53.93602416254806,
      55.246340090090094,
      54.05696018599243,
      55.12039454598201,
      54.37977660199882,
      55.9257602862254
    ],
    "overall_precisions": [
      55.73580633925464,
      56.105886450714046,
      59.345175896900045,
      63.29850226401952,
      66.03709508881923,
      68.5649599442703,
      67.72901428073843,
      68.14002089864161,
      70.43887147335423,
      69.84238941135493,
      71.63618948101707,
      71.52734238941136,
      72.22222222222221,
      71.97840473702541,
      73.00156739811911
    ],
    "network_plan_percentages": [
      [
        0.052246603970741906,
        4.336468129571578,
        18.91327063740857,
        25.339602925809825,
        29.832810867293624,
        34.639498432601876,
        35.214211076280044,
        36.677115987460816,
        39.341692789968654,
        39.916405433646815,
        40.07314524555904,
        42.476489028213166,
        41.79728317659352,
        42.05851619644723,
        43.260188087774296
      ],
      [
        0,
        1.2016718913270636,
        25.705329153605017,
        39.86415882967607,
        50.57471264367817,
        59.61337513061651,
        62.643678160919535,
        65.30825496342739,
        67.81609195402298,
        67.39811912225704,
        70.48066875653083,
        69.95820271682341,
        72.04806687565308,
        70.89864158829677,
        70.84639498432603
      ],
      [
        0,
        0.6792058516196446,
        12.173458725182863,
        18.443051201671892,
        25.235109717868337,
        29.88505747126437,
        30.929989550679203,
        33.28108672936259,
        36.46812957157785,
        36.57262277951933,
        38.14002089864159,
        40.07314524555904,
        39.96865203761755,
        40.75235109717868,
        41.588296760710556
      ]
    ],
    "planner_plan_percentages": [
      100,
      99.32079414838036,
      87.82654127481713,
      81.55694879832811,
      74.76489028213166,
      70.11494252873563,
      69.07001044932079,
      66.71891327063742,
      63.53187042842215,
      63.42737722048067,
      61.85997910135841,
      59.92685475444096,
      60.03134796238245,
      59.24764890282132,
      58.411703239289444
    ],
    "only_network_times": [
      0.001297847371719871,
      0.0012987938714912283,
      0.0012571771731551406,
      0.0012208301901318538,
      0.0012101648493206944,
      0.0011939944991146226,
      0.001208399704346405,
      0.0012164016149034062,
      0.0012012939572833073,
      0.0011967527928776766,
      0.0013730734430682596,
      0.0014234012695440055,
      0.0014137573212197742,
      0.0012185936442977714,
      0.001285864756657527
    ],
    "planner_times": [
      10494.800020898641,
      10500.304276696474,
      9755.750850684115,
      8170.885778347215,
      8070.787030048917,
      6901.671803278688,
      6681.137443267774,
      6977.07682067345,
      6018.065041118421,
      6502.888014827018,
      5822.053429054054,
      5925.87887532694,
      5766.323733681461,
      5798.127998236332,
      5697.330348837208
    ],
    "overall_times": [
      10494.800020898641,
      10428.985604155489,
      8568.13870041008,
      6663.925357038302,
      6034.115373198385,
      4839.1035752530925,
      4614.662707744321,
      4655.030237512327,
      3823.3897216220835,
      4124.6117490178995,
      3601.521560016226,
      3551.193397554146,
      3461.6024301208895,
      3435.255016229071,
      3327.9082302434704
    ]
  }
}