{
  "model_name": "ada_mixp_004conf_08exp",
  "thresholds": {
    "confidence": 0.04,
    "precision": 0.8
  },
  "metrics": {
    "only_network_precisions": [
      15.533472803347282,
      26.241505488761106,
      42.39414532148458,
      49.66021955044433,
      55.59038662486938,
      60.84905660377359,
      59.72803347280335,
      60.81504702194357,
      63.30371144798745,
      63.80753138075313,
      61.39339968569932
    ],
    "planner_precisions": [
      55.73580633925464,
      55.81977252843395,
      56.206064117419864,
      56.22306717363753,
      56.64153005464482,
      56.64340544312631,
      54.306906008476695,
      53.32659115426105,
      53.96373779637377,
      53.367346938775505,
      54.64084298011278
    ],
    "overall_precisions": [
      55.73580633925464,
      55.81853012887496,
      59.097004528039015,
      62.497387669801476,
      63.9385231626611,
      66.18077324973878,
      66.25304771856497,
      68.24016022291883,
      69.32427725531173,
      70.76541274817137,
      71.55781957506095
    ],
    "network_plan_percentages": [
      [
        9.3521421107628,
        24.817136886102404,
        41.53605015673981,
        43.46917450365726,
        44.252873563218394,
        46.760710553814,
        44.5141065830721,
        47.33542319749217,
        49.00731452455591,
        51.515151515151516,
        49.738766980146295
      ],
      [
        0,
        0.8881922675026124,
        16.144200626959247,
        32.445141065830725,
        35.63218390804598,
        43.78265412748171,
        52.14211076280042,
        61.49425287356321,
        63.53187042842215,
        66.24869383490073,
        67.65935214211076
      ],
      [
        0,
        0.4702194357366771,
        9.822361546499478,
        17.55485893416928,
        20.3239289446186,
        25.130616509926856,
        30.146290491118076,
        35.42319749216301,
        37.565308254963426,
        41.11807732497388,
        41.32706374085684
      ]
    ],
    "planner_plan_percentages": [
      100,
      99.52978056426332,
      90.17763845350052,
      82.44514106583073,
      79.6760710553814,
      74.86938349007315,
      69.85370950888192,
      64.57680250783699,
      62.434691745036574,
      58.88192267502612,
      58.67293625914316
    ],
    "only_network_times": [
      0.001425067500589283,
      0.0012937973010496387,
      0.0012806435249516058,
      0.0013313697260583937,
      0.0012465985715700665,
      0.001289454895995198,
      0.0012602479388025515,
      0.0012619580096461058,
      0.0012354759788612889,
      0.0014998689605601164,
      0.0012899564160546312
    ],
    "planner_times": [
      10494.800020898641,
      10489.872236220472,
      9753.175857473929,
      9121.081653992396,
      8921.189744262294,
      8209.608925331473,
      8346.438758414359,
      7833.913017799351,
      6846.921631799161,
      7351.2814285714285,
      6693.6264113980415
    ],
    "overall_times": [
      10494.800020898641,
      10440.546824254889,
      8795.183789208158,
      7519.888870606279,
      7108.053732790597,
      6146.483914062443,
      5830.297464048037,
      5058.890986187201,
      4274.854878065652,
      4328.576463598527,
      3927.3476923865887
    ]
  }
}