{
  "model_name": "ada_mixp_004conf_09exp",
  "thresholds": {
    "confidence": 0.04,
    "precision": 0.9
  },
  "metrics": {
    "only_network_precisions": [
      15.533472803347282,
      26.241505488761106,
      43.155694879832815,
      50.65342394145321,
      53.814002089864154,
      59.15271966527197,
      57.90575916230366,
      61.11983254840398,
      62.918410041841,
      63.617354939885,
      64.52119309262166,
      65.74267782426779,
      66.3702928870293,
      66.10878661087865,
      65.46310832025117
    ],
    "planner_precisions": [
      55.73580633925464,
      55.81977252843395,
      56.07425386551601,
      57.191728606822956,
      55.952231956612444,
      57.240966738454176,
      55.86857662573899,
      54.363805536171206,
      55.470278404815645,
      54.09643128321944,
      54.46334716459198,
      55.29713668287412,
      56.4724364467295,
      55.3600114744693,
      57.11463046757165
    ],
    "overall_precisions": [
      55.73580633925464,
      55.81853012887496,
      56.66753744339952,
      60.25513758272379,
      61.97056774642982,
      67.10379658655522,
      64.63079066527344,
      64.68303726924417,
      67.56530825496341,
      66.63793103448276,
      69.5027864855451,
      70.29083942877045,
      71.8408220132358,
      71.43591083246255,
      73.72605363984675
    ],
    "network_plan_percentages": [
      [
        9.3521421107628,
        24.817136886102404,
        43.103448275862064,
        41.27481713688611,
        47.23092998955068,
        46.29049111807733,
        44.252873563218394,
        46.55172413793103,
        47.28317659352142,
        50.94043887147336,
        51.77638453500523,
        50.78369905956113,
        52.29885057471264,
        50.731452455590386,
        50.470219435736674
      ],
      [
        0,
        0.8881922675026124,
        4.38871473354232,
        11.964472309299895,
        21.9435736677116,
        44.357366771159874,
        42.580982236154654,
        43.83490073145245,
        49.11180773249739,
        45.5067920585162,
        54.54545454545454,
        52.66457680250783,
        61.859979101358405,
        60.18808777429467,
        67.24137931034483
      ],
      [
        0,
        0.4702194357366771,
        3.1347962382445136,
        8.620689655172415,
        16.509926854754443,
        27.22048066875653,
        23.406478578892372,
        25.130616509926856,
        30.56426332288401,
        31.19122257053292,
        37.04284221525601,
        35.52769070010449,
        39.0282131661442,
        39.28944618599791,
        42.2675026123302
      ]
    ],
    "planner_plan_percentages": [
      100,
      99.52978056426332,
      96.86520376175548,
      91.37931034482759,
      83.49007314524556,
      72.77951933124348,
      76.59352142110762,
      74.86938349007315,
      69.43573667711598,
      68.80877742946709,
      62.95715778474399,
      64.4723092998955,
      60.9717868338558,
      60.71055381400209,
      57.7324973876698
    ],
    "only_network_times": [
      0.0013334353349198857,
      0.001285371017655464,
      0.001284167559792131,
      0.0012804130827389771,
      0.0012917689270609473,
      0.0012998877708881968,
      0.0012746758485963831,
      0.001273896792744667,
      0.0013002036256271425,
      0.001321780388727901,
      0.0012871819849977438,
      0.0013076281447789659,
      0.001291486633372606,
      0.0012825400759485476,
      0.0012681376927813457
    ],
    "planner_times": [
      10494.800020898641,
      10489.872236220472,
      10341.735954692555,
      9843.94389937107,
      10076.725531914895,
      8102.701658291455,
      8650.747824010916,
      8552.301395673414,
      8153.936772009029,
      9175.328390280943,
      8467.42846473029,
      8097.191774716367,
      6305.251422450729,
      6672.254698795182,
      5678.253846153845
    ],
    "overall_times": [
      10494.800020898641,
      10440.54682422873,
      10017.543645304675,
      8995.32815633305,
      8413.065730391203,
      5897.107674184716,
      6625.912686497221,
      6403.055649981555,
      5661.746463473672,
      6313.431701067968,
      5330.852776695967,
      5220.44698990856,
      3844.424960329695,
      4050.7632825004453,
      3278.1982899839472
    ]
  }
}