{
  "model_name": "ada_mixp_002conf_08exp",
  "thresholds": {
    "confidence": 0.02,
    "precision": 0.8
  },
  "metrics": {
    "only_network_precisions": [
      15.533472803347282,
      26.241505488761106,
      40.21966527196653,
      49.47698744769875,
      52.43073706220596,
      57.86722425509671,
      58.857442348008384,
      61.852433281004714,
      63.47462061747776
    ],
    "planner_precisions": [
      55.73580633925464,
      55.802663862600774,
      55.71483622350676,
      57.41174055829229,
      57.63535781544257,
      56.30095504309342,
      54.35721544715447,
      55.012701100762065,
      55.51451187335091
    ],
    "overall_precisions": [
      55.73580633925464,
      55.71403692093348,
      58.40473702542669,
      62.14036920933472,
      65.52333681644028,
      65.0818530128875,
      66.83211424590735,
      69.15882967607105,
      70.70010449320793
    ],
    "network_plan_percentages": [
      [
        25.54858934169279,
        43.573667711598745,
        50.10449320794148,
        53.08254963427377,
        54.59770114942529,
        54.4932079414838,
        52.45559038662487,
        55.32915360501567,
        56.060606060606055
      ],
      [
        0,
        0.8881922675026124,
        16.353187042842215,
        20.950888192267502,
        41.588296760710556,
        39.759665621734584,
        50.36572622779519,
        62.38244514106584,
        64.83803552769069
      ],
      [
        0,
        0.6269592476489028,
        9.61337513061651,
        15.151515151515152,
        26.01880877742947,
        25.235109717868337,
        31.452455590386624,
        38.29676071055381,
        40.59561128526646
      ]
    ],
    "planner_plan_percentages": [
      100,
      99.3730407523511,
      90.3866248693835,
      84.84848484848484,
      73.98119122257053,
      74.76489028213166,
      68.54754440961338,
      61.70323928944619,
      59.40438871473354
    ],
    "only_network_times": [
      0.0013778770817872371,
      0.0012606862821444378,
      0.001279802252557986,
      0.00127287950974628,
      0.0012777935941370134,
      0.001283772628592747,
      0.0012849233185470228,
      0.0012659703418885396,
      0.001273654880853051
    ],
    "planner_times": [
      10494.800020898641,
      10505.640715036801,
      9966.763057803468,
      9198.250517241378,
      8390.530755649717,
      9016.089839273238,
      8608.491425304877,
      7523.3071380186275,
      6677.2606684256825
    ],
    "overall_times": [
      10494.800020898641,
      10439.774636978334,
      9008.620859880975,
      7804.576390387167,
      6207.414935419078,
      6740.870000222914,
      5900.909886702848,
      4642.124690100681,
      3966.5863984296966
    ]
  }
}