{
  "model_name": "ada_mixp_002conf_09exp",
  "thresholds": {
    "confidence": 0.02,
    "precision": 0.9
  },
  "metrics": {
    "only_network_precisions": [
      15.533472803347282,
      26.241505488761106,
      40.49111807732497,
      48.87611082070047,
      54.39330543933054,
      57.658128593831684,
      59.195402298850574,
      60.115002613695765,
      61.53846153846154,
      63.32633788037776,
      63.29842931937173,
      65.0810245687402,
      64.85355648535564,
      65.04702194357367
    ],
    "planner_precisions": [
      55.73580633925464,
      55.802663862600774,
      55.40310512532736,
      56.13689776733255,
      55.89278636543797,
      54.73958333333335,
      54.917792792792795,
      54.77907259043457,
      54.15959907478797,
      54.53968253968253,
      54.183033278777955,
      54.24216027874563,
      56.096938775510196,
      55.736004546746244
    ],
    "overall_precisions": [
      55.73580633925464,
      55.71403692093348,
      57.90404040404041,
      60.26384535005224,
      59.723963775687906,
      59.136189481017084,
      63.2070707070707,
      65.57558342041101,
      67.47387669801464,
      67.98328108672936,
      69.54632532218739,
      71.3531870428422,
      70.98746081504702,
      70.6783350748868
    ],
    "network_plan_percentages": [
      [
        25.54858934169279,
        43.573667711598745,
        50.052246603970744,
        53.29153605015674,
        55.172413793103445,
        56.739811912225704,
        54.858934169278996,
        56.00835945663532,
        55.59038662486938,
        58.098223615464995,
        57.88923719958202,
        57.419017763845346,
        58.7251828631139,
        61.546499477533956
      ],
      [
        0,
        0.8881922675026124,
        11.076280041797283,
        15.673981191222571,
        22.884012539184955,
        25.54858934169279,
        39.39393939393939,
        48.22361546499477,
        56.00835945663532,
        54.17972831765935,
        54.80668756530825,
        58.82967607105538,
        58.25496342737721,
        57.00104493207942
      ],
      [
        0,
        0.6269592476489028,
        6.896551724137931,
        11.076280041797283,
        12.121212121212121,
        13.061650992685475,
        22.675026123301986,
        28.26541274817137,
        32.23615464994775,
        34.1692789968652,
        36.1546499477534,
        40.020898641588296,
        38.557993730407524,
        38.71473354231975
      ]
    ],
    "planner_plan_percentages": [
      100,
      99.3730407523511,
      93.10344827586206,
      88.92371995820272,
      87.87878787878788,
      86.93834900731453,
      77.32497387669801,
      71.73458725182863,
      67.76384535005225,
      65.8307210031348,
      63.8453500522466,
      59.979101358411704,
      61.442006269592476,
      61.28526645768025
    ],
    "only_network_times": [
      0.001340269917723524,
      0.0012447395314736573,
      0.0012975109034571155,
      0.0012770641304969289,
      0.0012458333410478536,
      0.001249932644570366,
      0.0012467501679184294,
      0.0012708387010956208,
      0.001254986119731941,
      0.0012805878428071894,
      0.0012787725288830503,
      0.001257344059961601,
      0.0012513894166906508,
      0.0012547434185988726
    ],
    "planner_times": [
      10494.800020898641,
      10505.640715036801,
      10227.202452300786,
      10234.271028202114,
      9427.19368608799,
      9425.423052884616,
      8752.938790540544,
      8592.858412235977,
      7140.201488049343,
      7437.074563492063,
      8072.241276595744,
      7748.505618466898,
      7126.369608843536,
      7040.942063086104
    ],
    "overall_times": [
      10494.800020898641,
      10439.774636821257,
      9521.87823551016,
      9100.694650910387,
      8284.503693441255,
      8194.30735246899,
      6768.207916149856,
      6164.051875197325,
      4838.4754987867045,
      4895.880244610551,
      5153.751162186605,
      4647.484541908301,
      4378.584944082233,
      4315.060590187978
    ]
  }
}