{
  "model_name": "ada_mixp_008conf_08exp",
  "thresholds": {
    "confidence": 0.08,
    "precision": 0.8
  },
  "metrics": {
    "only_network_precisions": [
      15.533472803347282,
      26.241505488761106,
      42.46861924686193,
      50.75797177208573,
      54.99738356881214,
      60.35564853556485,
      59.98953974895398,
      62.643678160919535,
      64.34918975431259,
      63.77417668583377,
      63.30371144798745,
      64.62904911180773,
      64.76738107684265
    ],
    "planner_precisions": [
      55.73580633925464,
      55.81977252843395,
      55.09864712514093,
      56.48802273650021,
      57.21681798530048,
      57.030129124820675,
      53.8233812043336,
      53.9047619047619,
      53.46719160104987,
      52.59212730318258,
      54.30460750853242,
      53.35057471264367,
      54.213891310665495
    ],
    "overall_precisions": [
      55.73580633925464,
      55.81853012887496,
      57.80825496342739,
      61.94009056078023,
      64.27812608847091,
      67.55485893416929,
      66.82776036224313,
      68.55799373040752,
      68.0790665273424,
      69.43312434691745,
      70.50417972831767,
      70.73493556252177,
      71.30790665273423
    ],
    "network_plan_percentages": [
      [
        1.671891327063741,
        11.076280041797283,
        26.854754440961337,
        30.51201671891327,
        34.535005224660395,
        37.93103448275862,
        39.759665621734584,
        41.588296760710556,
        41.37931034482759,
        43.93939393939394,
        44.357366771159874,
        44.30512016718913,
        44.67084639498432
      ],
      [
        0,
        0.8881922675026124,
        13.479623824451412,
        26.07105538140021,
        36.886102403343784,
        51.56739811912225,
        54.17972831765935,
        62.17345872518286,
        62.95715778474399,
        66.30094043887146,
        67.97283176593521,
        68.02507836990596,
        70.6896551724138
      ],
      [
        0,
        0.4702194357366771,
        7.314524555903866,
        14.211076280041798,
        19.435736677115987,
        27.16823406478579,
        30.877742946708466,
        34.1692789968652,
        33.646812957157785,
        37.61755485893417,
        38.76698014629049,
        39.39393939393939,
        40.07314524555904
      ]
    ],
    "planner_plan_percentages": [
      100,
      99.52978056426332,
      92.68547544409614,
      85.7889237199582,
      80.56426332288402,
      72.83176593521421,
      69.12225705329153,
      65.8307210031348,
      66.35318704284222,
      62.38244514106583,
      61.23301985370951,
      60.60606060606061,
      59.92685475444096
    ],
    "only_network_times": [
      0.0013400771378473258,
      0.0012510682797469334,
      0.0012478486763383555,
      0.0012447771699529509,
      0.0012419757763170434,
      0.0012706217656075706,
      0.0012470361577915847,
      0.0012519433082333429,
      0.0012541212340144044,
      0.0012517215940133478,
      0.0012467425965041437,
      0.0012538129134860782,
      0.0012516597771731835
    ],
    "planner_times": [
      10494.800020898641,
      10489.875375328083,
      10341.45761555806,
      9228.148708891598,
      8482.104805447472,
      7736.4539598278325,
      8452.085782312926,
      7479.909158730156,
      6895.731165354329,
      7168.436892797318,
      6647.545008532425,
      6200.047844827586,
      5968.04199651264
    ],
    "overall_times": [
      10494.800020898641,
      10440.54994846441,
      9585.029250335574,
      7916.729633630597,
      6833.54549214701,
      5634.596386327548,
      5842.272845368645,
      4924.078557285289,
      4575.53781964591,
      4471.846683345816,
      4070.4930391383905,
      3757.605248841372,
      3576.46036166777
    ]
  }
}