{
  "model_name": "ada_mixp_016conf_09exp",
  "thresholds": {
    "confidence": 0.16,
    "precision": 0.9
  },
  "metrics": {
    "only_network_precisions": [
      15.533472803347282,
      26.241505488761106,
      40.07314524555904,
      50.28750653423941,
      54.00313971742543,
      58.82967607105538,
      58.70360690015682,
      60.44932079414838,
      63.30371144798745,
      64.92420282279143,
      62.41505488761108,
      64.99477533960292,
      65.446941975954,
      64.93982208267923,
      64.68129571577848,
      65.18557239937272,
      65.7949790794979,
      66.9106116048092
    ],
    "planner_precisions": [
      55.73580633925464,
      55.83988813144556,
      55.030933633295845,
      56.53138229339224,
      56.172074729596865,
      55.88415925455317,
      55.47619047619048,
      55.055248618784546,
      55.146115466856735,
      55.367833587011674,
      55.691601049868765,
      54.82609799441482,
      55.83265856950066,
      55.460615971654406,
      55.93508911944666,
      56.8602416254805,
      55.35533749628308,
      55.65456081081081
    ],
    "overall_precisions": [
      55.73580633925464,
      55.896900034831084,
      57.7037617554859,
      58.55712295367468,
      60.87338906304424,
      62.78039010797632,
      65.34047370254268,
      65.05747126436782,
      66.18077324973876,
      68.26192964123999,
      69.55503308951586,
      68.59282479972134,
      70.76976663183558,
      70.44322535701846,
      70.26471612678509,
      72.01062347614072,
      73.12086381051898,
      71.83646812957157
    ],
    "network_plan_percentages": [
      [
        0.052246603970741906,
        4.336468129571578,
        17.607105538140022,
        25.49634273772205,
        28.056426332288403,
        31.765935214211076,
        31.713688610240336,
        34.69174503657263,
        36.36363636363637,
        39.86415882967607,
        39.28944618599791,
        39.49843260188088,
        41.37931034482759,
        42.63322884012539,
        42.2675026123302,
        42.16300940438871,
        44.827586206896555,
        44.043887147335425
      ],
      [
        0,
        0.8881922675026124,
        12.957157784743991,
        6.844305120167189,
        18.495297805642632,
        30.407523510971785,
        46.44723092998955,
        48.43260188087774,
        51.14942528735632,
        54.12748171368861,
        61.07628004179728,
        55.74712643678161,
        65.09926854754441,
        62.80041797283177,
        58.202716823406476,
        64.15882967607106,
        68.23406478578893,
        62.5914315569488
      ],
      [
        0,
        0.3657262277951933,
        7.105538140020899,
        5.381400208986416,
        11.442006269592477,
        17.763845350052247,
        23.563218390804597,
        24.346917450365726,
        26.698014629049112,
        31.347962382445143,
        33.646812957157785,
        31.400208986415883,
        35.47544409613375,
        36.102403343782655,
        34.535005224660395,
        36.57262277951933,
        41.431556948798324,
        38.14002089864159
      ]
    ],
    "planner_plan_percentages": [
      100,
      99.6342737722048,
      92.8944618599791,
      94.61859979101358,
      88.55799373040752,
      82.23615464994775,
      76.4367816091954,
      75.65308254963428,
      73.30198537095089,
      68.65203761755485,
      66.35318704284222,
      68.59979101358411,
      64.52455590386626,
      63.897596656217345,
      65.4649947753396,
      63.42737722048067,
      58.568443051201676,
      61.85997910135841
    ],
    "only_network_times": [
      0.0013892118152714174,
      0.0012753032229673284,
      0.0012784503719525152,
      0.0012890579684267977,
      0.0012827887702275172,
      0.0012747633544379765,
      0.001295522439560838,
      0.0012596844381174946,
      0.0012673626255129123,
      0.0012457405654659958,
      0.0012715466036200835,
      0.0012787323884954024,
      0.0012975167804404944,
      0.0012888506655291323,
      0.0013449558270014939,
      0.001186256064710602,
      0.0012858860412900918,
      0.0013622351485400442
    ],
    "planner_times": [
      10494.800020898641,
      10479.511604614576,
      10207.068762654668,
      10161.970690226392,
      9735.531079646018,
      9525.439428208387,
      7857.534408749146,
      8136.914461325967,
      7475.171874554527,
      7439.396719939116,
      6508.2463622047235,
      7149.97040365575,
      5699.581659919028,
      5840.333311529028,
      6700.26120510774,
      5523.256408566722,
      5626.497198929527,
      6143.802913851351
    ],
    "overall_times": [
      10494.800020898641,
      10441.185286730995,
      9481.801690042834,
      9615.1144476289,
      8621.59115009992,
      7833.355325856508,
      6006.046721606963,
      6155.826922069592,
      5479.449731900844,
      5107.297825566175,
      4318.4293088597215,
      4904.865156026663,
      3677.630215004246,
      3731.833088253305,
      4386.326113706865,
      3503.257110834511,
      3295.3523406107274,
      3800.555717908302
    ]
  }
}