{
  "model_name": "ada_mixp_004conf_04exp",
  "thresholds": {
    "confidence": 0.04,
    "precision": 0.4
  },
  "metrics": {
    "only_network_precisions": [
      15.533472803347282,
      24.033437826541274,
      41.66231050705698,
      50.52246603970742,
      55.962343096234314,
      59.64453737584945,
      61.38975966562173,
      61.10820700470465,
      63.17991631799163
    ],
    "planner_precisions": [
      55.73580633925464,
      55.595238095238116,
      54.80606418586337,
      55.95299145299146,
      55.483598649300546,
      57.212622088655166,
      54.437316225608136,
      54.37394247038917,
      54.689022642591
    ],
    "overall_precisions": [
      55.73580633925464,
      55.774991292232684,
      59.39742250087079,
      62.793451758969,
      65.71490769766633,
      68.31243469174504,
      68.43434343434345,
      69.52455590386626,
      70.586903517938
    ],
    "network_plan_percentages": [
      [
        9.3521421107628,
        27.74294670846395,
        36.677115987460816,
        40.85684430512016,
        48.43260188087774,
        46.08150470219436,
        47.07419017763846,
        49.42528735632184,
        48.43260188087774
      ],
      [
        0,
        0.8359456635318705,
        20.42842215256008,
        37.30407523510972,
        46.23824451410658,
        54.44096133751306,
        61.07628004179728,
        64.52455590386626,
        66.30094043887146
      ],
      [
        0,
        0.522466039707419,
        11.54649947753396,
        18.495297805642632,
        27.79519331243469,
        30.45977011494253,
        34.84848484848485,
        38.24451410658307,
        39.237199582027166
      ]
    ],
    "planner_plan_percentages": [
      100,
      99.47753396029258,
      88.45350052246604,
      81.50470219435736,
      72.20480668756531,
      69.54022988505747,
      65.15151515151516,
      61.75548589341693,
      60.762800417972834
    ],
    "only_network_times": [
      0.0013656284519818038,
      0.0012831740244802637,
      0.0012755256888134841,
      0.001284156099755936,
      0.0012577703557752665,
      0.0012699428554361425,
      0.001263519937840126,
      0.0012511566429317651,
      0.0012467629490537126
    ],
    "planner_times": [
      10494.800020898641,
      10476.033891806721,
      10316.782959243945,
      8422.959326923077,
      8963.604211287991,
      7384.767145003755,
      6872.902052927023,
      6973.978045685278,
      6454.162424763544
    ],
    "overall_times": [
      10494.800020898641,
      10421.300179096612,
      9125.555815894799,
      6865.108152807967,
      6472.1534422146615,
      5135.38443617976,
      4477.800265957623,
      4306.814507037269,
      3921.7303230859147
    ]
  }
}