{
  "model_name": "ada_mixp_016conf_08exp",
  "thresholds": {
    "confidence": 0.16,
    "precision": 0.8
  },
  "metrics": {
    "only_network_precisions": [
      15.533472803347282,
      26.241505488761106,
      42.21525600835946,
      49.66021955044433,
      53.08254963427377,
      57.42677824267782,
      58.23314166231051,
      61.05593308938839,
      62.2907949790795,
      61.36957658128593,
      62.93779404077365,
      62.67642446419237,
      64.48744769874477,
      64.38284518828452,
      63.91213389121339
    ],
    "planner_precisions": [
      55.73580633925464,
      55.83988813144556,
      55.50581831831833,
      56.83404341651451,
      56.07697283311774,
      57.10836277974089,
      54.3218894570246,
      54.15349887133183,
      55.04372813593205,
      53.97384034519958,
      54.70580296896086,
      53.747184684684676,
      54.755633596722255,
      54.965753424657535,
      55.89067619898719
    ],
    "overall_precisions": [
      55.73580633925464,
      55.896900034831084,
      58.348136537791724,
      62.371125043538854,
      63.68599791013585,
      66.72326715430164,
      66.49251132009753,
      66.8599791013584,
      67.93538836642286,
      69.12835249042146,
      69.729188436085,
      70.44757924068269,
      71.87391152908393,
      71.47335423197492,
      72.95802856147682
    ],
    "network_plan_percentages": [
      [
        0.052246603970741906,
        4.336468129571578,
        17.763845350052247,
        24.294670846394983,
        27.586206896551722,
        32.23615464994775,
        33.22884012539185,
        35.26645768025078,
        34.90073145245559,
        39.18495297805642,
        39.237199582027166,
        40.59561128526646,
        42.00626959247649,
        40.85684430512016,
        42.685475444096134
      ],
      [
        0,
        0.8881922675026124,
        14.00208986415883,
        23.824451410658305,
        40.75235109717868,
        51.515151515151516,
        56.94879832810867,
        58.098223615464995,
        61.38975966562173,
        66.03970741901777,
        65.36050156739812,
        67.92058516196448,
        71.42110762800418,
        69.80146290491118,
        71.42110762800418
      ],
      [
        0,
        0.3657262277951933,
        7.210031347962382,
        14.158829676071056,
        19.22675026123302,
        26.07105538140021,
        28.474399164054336,
        30.56426332288401,
        30.303030303030305,
        35.42319749216301,
        35.47544409613375,
        38.14002089864159,
        40.49111807732497,
        38.97596656217346,
        41.53605015673981
      ]
    ],
    "planner_plan_percentages": [
      100,
      99.6342737722048,
      92.78996865203762,
      85.84117032392895,
      80.77324973876698,
      73.92894461859979,
      71.52560083594567,
      69.43573667711598,
      69.69696969696969,
      64.57680250783699,
      64.52455590386626,
      61.85997910135841,
      59.50888192267503,
      61.02403343782654,
      58.46394984326019
    ],
    "only_network_times": [
      0.0014135614349253508,
      0.001287057396010834,
      0.0012558049667342455,
      0.0012528178458804556,
      0.0012570690585528047,
      0.0012425466062633563,
      0.0012727325896100105,
      0.001242592642585208,
      0.0012464747768066917,
      0.001269281938695434,
      0.0012599082125211596,
      0.0012476596293870654,
      0.0012271611261567312,
      0.001266477746444766,
      0.0012611254239182092
    ],
    "planner_times": [
      10494.800020898641,
      10479.511604614576,
      9972.778671171169,
      9408.267382836277,
      8709.50745148771,
      7377.028826855123,
      7301.175215485754,
      7928.9946049661385,
      6351.282998500749,
      6721.895889967638,
      6567.819821862347,
      6183.436224662162,
      5666.228849868306,
      5685.29863869863,
      5301.758534405719
    ],
    "overall_times": [
      10494.800020898641,
      10441.185286813707,
      9253.738294675513,
      8076.167006610485,
      7034.95244911747,
      5453.759879944486,
      5222.209803319584,
      5505.556195025199,
      4426.65216386643,
      4340.785883934057,
      4237.857019479487,
      3825.0728317718344,
      3371.9099319968527,
      3469.3990358342494,
      3099.617974485374
    ]
  }
}