{
  "model_name": "ada_mixp_0conf_08exp",
  "thresholds": {
    "confidence": 0.0,
    "precision": 0.8
  },
  "metrics": {
    "only_network_precisions": [
      15.533472803347282,
      26.241505488761106,
      39.82208267922553,
      48.74476987447699,
      51.803450078410876,
      54.5739675901725,
      53.633037114479876,
      58.909853249475894
    ],
    "planner_precisions": [
      55.73580633925464,
      55.77402916886314,
      55.99158653846155,
      56.323104291750056,
      57.43082492888545,
      57.31324544883866,
      58.34945196647323,
      53.84556574923547
    ],
    "overall_precisions": [
      55.73580633925464,
      55.696621386276576,
      57.769070010449326,
      61.091083246255664,
      63.598920236851285,
      64.40264716126785,
      63.6015325670498,
      65.38836642284919
    ],
    "network_plan_percentages": [
      [
        99.89550679205851,
        99.94775339602926,
        99.84326018808778,
        99.89550679205851,
        99.94775339602926,
        99.94775339602926,
        99.94775339602926,
        99.68652037617555
      ],
      [
        0,
        0.8881922675026124,
        13.218390804597702,
        21.786833855799372,
        32.654127481713694,
        44.5141065830721,
        46.029258098223615,
        54.59770114942529
      ],
      [
        0,
        0.8881922675026124,
        13.061650992685475,
        21.682340647857888,
        32.654127481713694,
        44.5141065830721,
        45.97701149425287,
        54.44096133751306
      ]
    ],
    "planner_plan_percentages": [
      100,
      99.11180773249738,
      86.93834900731453,
      78.31765935214212,
      67.34587251828631,
      55.4858934169279,
      54.02298850574713,
      45.55903866248694
    ],
    "only_network_times": [
      0.001337150026066034,
      0.0012784958882787996,
      0.0012190556538660198,
      0.0012141824018007542,
      0.001234065906825766,
      0.0012533311998414172,
      0.001379019043798292,
      0.0014240236902136973
    ],
    "planner_times": [
      10494.800020898641,
      10533.28844491302,
      10474.315757211538,
      10534.373022014679,
      10089.597540729248,
      10111.835743879472,
      10194.384187620886,
      10906.477970183483
    ],
    "overall_times": [
      10494.800020898641,
      10439.732602845503,
      9106.197348492109,
      8250.274641451373,
      6794.927900164719,
      5610.642962516941,
      5507.311633928565,
      4968.887290352334
    ]
  }
}